<?xml version="1.0" encoding="UTF-8"?>
<solver>
  <!--<environmentMode>FULL_ASSERT</environmentMode>--><!-- To slowly prove there are no bugs in this code -->
  <!--<moveThreadCount>AUTO</moveThreadCount>--><!-- To solve faster by saturating multiple CPU cores -->

  <!-- Domain model configuration -->
  <solutionClass>org.optaplanner.examples.teachingassistant.domain.TeachingSolution</solutionClass>
  <entityClass>org.optaplanner.examples.teachingassistant.domain.StudentAssignment</entityClass>

  <!-- Score configuration -->
  <scoreDirectorFactory>
    <scoreDrl>org/optaplanner/examples/teachingassistant/solver/teachingScoreRules.drl</scoreDrl>
    <initializingScoreTrend>ONLY_DOWN</initializingScoreTrend>
  </scoreDirectorFactory>

  <!-- Optimization algorithms configuration -->
  <termination>
    <secondsSpentLimit>60</secondsSpentLimit>
  </termination>
  <constructionHeuristic>
    <constructionHeuristicType>FIRST_FIT</constructionHeuristicType>
  </constructionHeuristic>
  <localSearch>
    <acceptor>
      <lateAcceptanceSize>500</lateAcceptanceSize>
      <!--<entityTabuSize>7</entityTabuSize>-->
    </acceptor>
    <forager>
      <!--<acceptedCountLimit>1000</acceptedCountLimit>-->
      <acceptedCountLimit>1</acceptedCountLimit>
    </forager>
  </localSearch>
</solver>
