<TeachingSolution id="1">
  <id>0</id>
  <studentList id="2">
    <TeachingStudent id="3">
      <id>0</id>
      <name>St1</name>
    </TeachingStudent>
    <TeachingStudent id="4">
      <id>1</id>
      <name>St2</name>
    </TeachingStudent>
    <TeachingStudent id="5">
      <id>2</id>
      <name>St3</name>
    </TeachingStudent>
    <TeachingStudent id="6">
      <id>3</id>
      <name>St4</name>
    </TeachingStudent>
    <TeachingStudent id="7">
      <id>4</id>
      <name>St5</name>
    </TeachingStudent>
    <TeachingStudent id="8">
      <id>5</id>
      <name>St6</name>
    </TeachingStudent>
    <TeachingStudent id="9">
      <id>6</id>
      <name>St7</name>
    </TeachingStudent>
  </studentList>
  <periodList id="10">
    <TeachingPeriod id="11">
      <id>0</id>
      <periodIndex>0</periodIndex>
    </TeachingPeriod>
    <TeachingPeriod id="12">
      <id>1</id>
      <periodIndex>1</periodIndex>
    </TeachingPeriod>
    <TeachingPeriod id="13">
      <id>2</id>
      <periodIndex>2</periodIndex>
    </TeachingPeriod>
    <TeachingPeriod id="14">
      <id>3</id>
      <periodIndex>3</periodIndex>
    </TeachingPeriod>
    <TeachingPeriod id="15">
      <id>4</id>
      <periodIndex>4</periodIndex>
    </TeachingPeriod>
    <TeachingPeriod id="16">
      <id>5</id>
      <periodIndex>5</periodIndex>
    </TeachingPeriod>
    <TeachingPeriod id="17">
      <id>6</id>
      <periodIndex>6</periodIndex>
    </TeachingPeriod>
    <TeachingPeriod id="18">
      <id>7</id>
      <periodIndex>7</periodIndex>
    </TeachingPeriod>
    <TeachingPeriod id="19">
      <id>8</id>
      <periodIndex>8</periodIndex>
    </TeachingPeriod>
    <TeachingPeriod id="20">
      <id>9</id>
      <periodIndex>9</periodIndex>
    </TeachingPeriod>
    <TeachingPeriod id="21">
      <id>10</id>
      <periodIndex>10</periodIndex>
    </TeachingPeriod>
    <TeachingPeriod id="22">
      <id>11</id>
      <periodIndex>11</periodIndex>
    </TeachingPeriod>
    <TeachingPeriod id="23">
      <id>12</id>
      <periodIndex>12</periodIndex>
    </TeachingPeriod>
    <TeachingPeriod id="24">
      <id>13</id>
      <periodIndex>13</periodIndex>
    </TeachingPeriod>
    <TeachingPeriod id="25">
      <id>14</id>
      <periodIndex>14</periodIndex>
    </TeachingPeriod>
    <TeachingPeriod id="26">
      <id>15</id>
      <periodIndex>15</periodIndex>
    </TeachingPeriod>
    <TeachingPeriod id="27">
      <id>16</id>
      <periodIndex>16</periodIndex>
    </TeachingPeriod>
    <TeachingPeriod id="28">
      <id>17</id>
      <periodIndex>17</periodIndex>
    </TeachingPeriod>
  </periodList>
  <unavailabilityPenaltyList id="29">
    <TeachingUnavailabilityPenalty id="30">
      <id>0</id>
      <student reference="7"/>
      <period reference="11"/>
    </TeachingUnavailabilityPenalty>
    <TeachingUnavailabilityPenalty id="31">
      <id>1</id>
      <student reference="9"/>
      <period reference="12"/>
    </TeachingUnavailabilityPenalty>
    <TeachingUnavailabilityPenalty id="32">
      <id>2</id>
      <student reference="5"/>
      <period reference="13"/>
    </TeachingUnavailabilityPenalty>
    <TeachingUnavailabilityPenalty id="33">
      <id>3</id>
      <student reference="7"/>
      <period reference="14"/>
    </TeachingUnavailabilityPenalty>
    <TeachingUnavailabilityPenalty id="34">
      <id>4</id>
      <student reference="7"/>
      <period reference="16"/>
    </TeachingUnavailabilityPenalty>
    <TeachingUnavailabilityPenalty id="35">
      <id>5</id>
      <student reference="5"/>
      <period reference="17"/>
    </TeachingUnavailabilityPenalty>
    <TeachingUnavailabilityPenalty id="36">
      <id>6</id>
      <student reference="4"/>
      <period reference="19"/>
    </TeachingUnavailabilityPenalty>
    <TeachingUnavailabilityPenalty id="37">
      <id>7</id>
      <student reference="5"/>
      <period reference="20"/>
    </TeachingUnavailabilityPenalty>
    <TeachingUnavailabilityPenalty id="38">
      <id>8</id>
      <student reference="7"/>
      <period reference="21"/>
    </TeachingUnavailabilityPenalty>
    <TeachingUnavailabilityPenalty id="39">
      <id>9</id>
      <student reference="7"/>
      <period reference="22"/>
    </TeachingUnavailabilityPenalty>
    <TeachingUnavailabilityPenalty id="40">
      <id>10</id>
      <student reference="9"/>
      <period reference="23"/>
    </TeachingUnavailabilityPenalty>
    <TeachingUnavailabilityPenalty id="41">
      <id>11</id>
      <student reference="8"/>
      <period reference="26"/>
    </TeachingUnavailabilityPenalty>
  </unavailabilityPenaltyList>
  <studentAssignmentList id="42">
    <TeachingStudentAssignment id="43">
      <id>0</id>
      <period reference="11"/>
      <indexInPeriod>0</indexInPeriod>
      <pinned>false</pinned>
    </TeachingStudentAssignment>
    <TeachingStudentAssignment id="44">
      <id>1</id>
      <period reference="11"/>
      <indexInPeriod>1</indexInPeriod>
      <pinned>false</pinned>
    </TeachingStudentAssignment>
    <TeachingStudentAssignment id="45">
      <id>2</id>
      <period reference="11"/>
      <indexInPeriod>2</indexInPeriod>
      <pinned>false</pinned>
    </TeachingStudentAssignment>
    <TeachingStudentAssignment id="46">
      <id>3</id>
      <period reference="11"/>
      <indexInPeriod>3</indexInPeriod>
      <pinned>false</pinned>
    </TeachingStudentAssignment>
    <TeachingStudentAssignment id="47">
      <id>4</id>
      <period reference="12"/>
      <indexInPeriod>0</indexInPeriod>
      <pinned>false</pinned>
    </TeachingStudentAssignment>
    <TeachingStudentAssignment id="48">
      <id>5</id>
      <period reference="12"/>
      <indexInPeriod>1</indexInPeriod>
      <pinned>false</pinned>
    </TeachingStudentAssignment>
    <TeachingStudentAssignment id="49">
      <id>6</id>
      <period reference="12"/>
      <indexInPeriod>2</indexInPeriod>
      <pinned>false</pinned>
    </TeachingStudentAssignment>
    <TeachingStudentAssignment id="50">
      <id>7</id>
      <period reference="12"/>
      <indexInPeriod>3</indexInPeriod>
      <pinned>false</pinned>
    </TeachingStudentAssignment>
    <TeachingStudentAssignment id="51">
      <id>8</id>
      <period reference="13"/>
      <indexInPeriod>0</indexInPeriod>
      <pinned>false</pinned>
    </TeachingStudentAssignment>
    <TeachingStudentAssignment id="52">
      <id>9</id>
      <period reference="13"/>
      <indexInPeriod>1</indexInPeriod>
      <pinned>false</pinned>
    </TeachingStudentAssignment>
    <TeachingStudentAssignment id="53">
      <id>10</id>
      <period reference="13"/>
      <indexInPeriod>2</indexInPeriod>
      <pinned>false</pinned>
    </TeachingStudentAssignment>
    <TeachingStudentAssignment id="54">
      <id>11</id>
      <period reference="13"/>
      <indexInPeriod>3</indexInPeriod>
      <pinned>false</pinned>
    </TeachingStudentAssignment>
    <TeachingStudentAssignment id="55">
      <id>12</id>
      <period reference="14"/>
      <indexInPeriod>0</indexInPeriod>
      <pinned>false</pinned>
    </TeachingStudentAssignment>
    <TeachingStudentAssignment id="56">
      <id>13</id>
      <period reference="14"/>
      <indexInPeriod>1</indexInPeriod>
      <pinned>false</pinned>
    </TeachingStudentAssignment>
    <TeachingStudentAssignment id="57">
      <id>14</id>
      <period reference="14"/>
      <indexInPeriod>2</indexInPeriod>
      <pinned>false</pinned>
    </TeachingStudentAssignment>
    <TeachingStudentAssignment id="58">
      <id>15</id>
      <period reference="14"/>
      <indexInPeriod>3</indexInPeriod>
      <pinned>false</pinned>
    </TeachingStudentAssignment>
    <TeachingStudentAssignment id="59">
      <id>16</id>
      <period reference="15"/>
      <indexInPeriod>0</indexInPeriod>
      <pinned>false</pinned>
    </TeachingStudentAssignment>
    <TeachingStudentAssignment id="60">
      <id>17</id>
      <period reference="15"/>
      <indexInPeriod>1</indexInPeriod>
      <pinned>false</pinned>
    </TeachingStudentAssignment>
    <TeachingStudentAssignment id="61">
      <id>18</id>
      <period reference="15"/>
      <indexInPeriod>2</indexInPeriod>
      <pinned>false</pinned>
    </TeachingStudentAssignment>
    <TeachingStudentAssignment id="62">
      <id>19</id>
      <period reference="15"/>
      <indexInPeriod>3</indexInPeriod>
      <pinned>false</pinned>
    </TeachingStudentAssignment>
    <TeachingStudentAssignment id="63">
      <id>20</id>
      <period reference="16"/>
      <indexInPeriod>0</indexInPeriod>
      <pinned>false</pinned>
    </TeachingStudentAssignment>
    <TeachingStudentAssignment id="64">
      <id>21</id>
      <period reference="16"/>
      <indexInPeriod>1</indexInPeriod>
      <pinned>false</pinned>
    </TeachingStudentAssignment>
    <TeachingStudentAssignment id="65">
      <id>22</id>
      <period reference="16"/>
      <indexInPeriod>2</indexInPeriod>
      <pinned>false</pinned>
    </TeachingStudentAssignment>
    <TeachingStudentAssignment id="66">
      <id>23</id>
      <period reference="16"/>
      <indexInPeriod>3</indexInPeriod>
      <pinned>false</pinned>
    </TeachingStudentAssignment>
    <TeachingStudentAssignment id="67">
      <id>24</id>
      <period reference="17"/>
      <indexInPeriod>0</indexInPeriod>
      <pinned>false</pinned>
    </TeachingStudentAssignment>
    <TeachingStudentAssignment id="68">
      <id>25</id>
      <period reference="17"/>
      <indexInPeriod>1</indexInPeriod>
      <pinned>false</pinned>
    </TeachingStudentAssignment>
    <TeachingStudentAssignment id="69">
      <id>26</id>
      <period reference="17"/>
      <indexInPeriod>2</indexInPeriod>
      <pinned>false</pinned>
    </TeachingStudentAssignment>
    <TeachingStudentAssignment id="70">
      <id>27</id>
      <period reference="17"/>
      <indexInPeriod>3</indexInPeriod>
      <pinned>false</pinned>
    </TeachingStudentAssignment>
    <TeachingStudentAssignment id="71">
      <id>28</id>
      <period reference="18"/>
      <indexInPeriod>0</indexInPeriod>
      <pinned>false</pinned>
    </TeachingStudentAssignment>
    <TeachingStudentAssignment id="72">
      <id>29</id>
      <period reference="18"/>
      <indexInPeriod>1</indexInPeriod>
      <pinned>false</pinned>
    </TeachingStudentAssignment>
    <TeachingStudentAssignment id="73">
      <id>30</id>
      <period reference="18"/>
      <indexInPeriod>2</indexInPeriod>
      <pinned>false</pinned>
    </TeachingStudentAssignment>
    <TeachingStudentAssignment id="74">
      <id>31</id>
      <period reference="18"/>
      <indexInPeriod>3</indexInPeriod>
      <pinned>false</pinned>
    </TeachingStudentAssignment>
    <TeachingStudentAssignment id="75">
      <id>32</id>
      <period reference="19"/>
      <indexInPeriod>0</indexInPeriod>
      <pinned>false</pinned>
    </TeachingStudentAssignment>
    <TeachingStudentAssignment id="76">
      <id>33</id>
      <period reference="19"/>
      <indexInPeriod>1</indexInPeriod>
      <pinned>false</pinned>
    </TeachingStudentAssignment>
    <TeachingStudentAssignment id="77">
      <id>34</id>
      <period reference="19"/>
      <indexInPeriod>2</indexInPeriod>
      <pinned>false</pinned>
    </TeachingStudentAssignment>
    <TeachingStudentAssignment id="78">
      <id>35</id>
      <period reference="19"/>
      <indexInPeriod>3</indexInPeriod>
      <pinned>false</pinned>
    </TeachingStudentAssignment>
    <TeachingStudentAssignment id="79">
      <id>36</id>
      <period reference="20"/>
      <indexInPeriod>0</indexInPeriod>
      <pinned>false</pinned>
    </TeachingStudentAssignment>
    <TeachingStudentAssignment id="80">
      <id>37</id>
      <period reference="20"/>
      <indexInPeriod>1</indexInPeriod>
      <pinned>false</pinned>
    </TeachingStudentAssignment>
    <TeachingStudentAssignment id="81">
      <id>38</id>
      <period reference="20"/>
      <indexInPeriod>2</indexInPeriod>
      <pinned>false</pinned>
    </TeachingStudentAssignment>
    <TeachingStudentAssignment id="82">
      <id>39</id>
      <period reference="20"/>
      <indexInPeriod>3</indexInPeriod>
      <pinned>false</pinned>
    </TeachingStudentAssignment>
    <TeachingStudentAssignment id="83">
      <id>40</id>
      <period reference="21"/>
      <indexInPeriod>0</indexInPeriod>
      <pinned>false</pinned>
    </TeachingStudentAssignment>
    <TeachingStudentAssignment id="84">
      <id>41</id>
      <period reference="21"/>
      <indexInPeriod>1</indexInPeriod>
      <pinned>false</pinned>
    </TeachingStudentAssignment>
    <TeachingStudentAssignment id="85">
      <id>42</id>
      <period reference="21"/>
      <indexInPeriod>2</indexInPeriod>
      <pinned>false</pinned>
    </TeachingStudentAssignment>
    <TeachingStudentAssignment id="86">
      <id>43</id>
      <period reference="21"/>
      <indexInPeriod>3</indexInPeriod>
      <pinned>false</pinned>
    </TeachingStudentAssignment>
    <TeachingStudentAssignment id="87">
      <id>44</id>
      <period reference="22"/>
      <indexInPeriod>0</indexInPeriod>
      <pinned>false</pinned>
    </TeachingStudentAssignment>
    <TeachingStudentAssignment id="88">
      <id>45</id>
      <period reference="22"/>
      <indexInPeriod>1</indexInPeriod>
      <pinned>false</pinned>
    </TeachingStudentAssignment>
    <TeachingStudentAssignment id="89">
      <id>46</id>
      <period reference="22"/>
      <indexInPeriod>2</indexInPeriod>
      <pinned>false</pinned>
    </TeachingStudentAssignment>
    <TeachingStudentAssignment id="90">
      <id>47</id>
      <period reference="22"/>
      <indexInPeriod>3</indexInPeriod>
      <pinned>false</pinned>
    </TeachingStudentAssignment>
    <TeachingStudentAssignment id="91">
      <id>48</id>
      <period reference="23"/>
      <indexInPeriod>0</indexInPeriod>
      <pinned>false</pinned>
    </TeachingStudentAssignment>
    <TeachingStudentAssignment id="92">
      <id>49</id>
      <period reference="23"/>
      <indexInPeriod>1</indexInPeriod>
      <pinned>false</pinned>
    </TeachingStudentAssignment>
    <TeachingStudentAssignment id="93">
      <id>50</id>
      <period reference="23"/>
      <indexInPeriod>2</indexInPeriod>
      <pinned>false</pinned>
    </TeachingStudentAssignment>
    <TeachingStudentAssignment id="94">
      <id>51</id>
      <period reference="23"/>
      <indexInPeriod>3</indexInPeriod>
      <pinned>false</pinned>
    </TeachingStudentAssignment>
    <TeachingStudentAssignment id="95">
      <id>52</id>
      <period reference="24"/>
      <indexInPeriod>0</indexInPeriod>
      <pinned>false</pinned>
    </TeachingStudentAssignment>
    <TeachingStudentAssignment id="96">
      <id>53</id>
      <period reference="24"/>
      <indexInPeriod>1</indexInPeriod>
      <pinned>false</pinned>
    </TeachingStudentAssignment>
    <TeachingStudentAssignment id="97">
      <id>54</id>
      <period reference="24"/>
      <indexInPeriod>2</indexInPeriod>
      <pinned>false</pinned>
    </TeachingStudentAssignment>
    <TeachingStudentAssignment id="98">
      <id>55</id>
      <period reference="24"/>
      <indexInPeriod>3</indexInPeriod>
      <pinned>false</pinned>
    </TeachingStudentAssignment>
    <TeachingStudentAssignment id="99">
      <id>56</id>
      <period reference="25"/>
      <indexInPeriod>0</indexInPeriod>
      <pinned>false</pinned>
    </TeachingStudentAssignment>
    <TeachingStudentAssignment id="100">
      <id>57</id>
      <period reference="25"/>
      <indexInPeriod>1</indexInPeriod>
      <pinned>false</pinned>
    </TeachingStudentAssignment>
    <TeachingStudentAssignment id="101">
      <id>58</id>
      <period reference="25"/>
      <indexInPeriod>2</indexInPeriod>
      <pinned>false</pinned>
    </TeachingStudentAssignment>
    <TeachingStudentAssignment id="102">
      <id>59</id>
      <period reference="25"/>
      <indexInPeriod>3</indexInPeriod>
      <pinned>false</pinned>
    </TeachingStudentAssignment>
    <TeachingStudentAssignment id="103">
      <id>60</id>
      <period reference="26"/>
      <indexInPeriod>0</indexInPeriod>
      <pinned>false</pinned>
    </TeachingStudentAssignment>
    <TeachingStudentAssignment id="104">
      <id>61</id>
      <period reference="26"/>
      <indexInPeriod>1</indexInPeriod>
      <pinned>false</pinned>
    </TeachingStudentAssignment>
    <TeachingStudentAssignment id="105">
      <id>62</id>
      <period reference="26"/>
      <indexInPeriod>2</indexInPeriod>
      <pinned>false</pinned>
    </TeachingStudentAssignment>
    <TeachingStudentAssignment id="106">
      <id>63</id>
      <period reference="26"/>
      <indexInPeriod>3</indexInPeriod>
      <pinned>false</pinned>
    </TeachingStudentAssignment>
    <TeachingStudentAssignment id="107">
      <id>64</id>
      <period reference="27"/>
      <indexInPeriod>0</indexInPeriod>
      <pinned>false</pinned>
    </TeachingStudentAssignment>
    <TeachingStudentAssignment id="108">
      <id>65</id>
      <period reference="27"/>
      <indexInPeriod>1</indexInPeriod>
      <pinned>false</pinned>
    </TeachingStudentAssignment>
    <TeachingStudentAssignment id="109">
      <id>66</id>
      <period reference="27"/>
      <indexInPeriod>2</indexInPeriod>
      <pinned>false</pinned>
    </TeachingStudentAssignment>
    <TeachingStudentAssignment id="110">
      <id>67</id>
      <period reference="27"/>
      <indexInPeriod>3</indexInPeriod>
      <pinned>false</pinned>
    </TeachingStudentAssignment>
    <TeachingStudentAssignment id="111">
      <id>68</id>
      <period reference="28"/>
      <indexInPeriod>0</indexInPeriod>
      <pinned>false</pinned>
    </TeachingStudentAssignment>
    <TeachingStudentAssignment id="112">
      <id>69</id>
      <period reference="28"/>
      <indexInPeriod>1</indexInPeriod>
      <pinned>false</pinned>
    </TeachingStudentAssignment>
    <TeachingStudentAssignment id="113">
      <id>70</id>
      <period reference="28"/>
      <indexInPeriod>2</indexInPeriod>
      <pinned>false</pinned>
    </TeachingStudentAssignment>
    <TeachingStudentAssignment id="114">
      <id>71</id>
      <period reference="28"/>
      <indexInPeriod>3</indexInPeriod>
      <pinned>false</pinned>
    </TeachingStudentAssignment>
  </studentAssignmentList>
</TeachingSolution>

