<?xml version="1.0" encoding="utf-8"?>
	<TeachingSolution id="1">
		<id>0</id>
		<studentList id="2">
			<TeachingStudent id="3">
				<id>0</id>
				<name>st1</name>
			</TeachingStudent>
			<TeachingStudent id="4">
				<id>1</id>
				<name>st2</name>
			</TeachingStudent>
			<TeachingStudent id="5">
				<id>2</id>
				<name>st3</name>
			</TeachingStudent>
			<TeachingStudent id="6">
				<id>3</id>
				<name>st4</name>
			</TeachingStudent>
			<TeachingStudent id="7">
				<id>4</id>
				<name>st5</name>
			</TeachingStudent>
			<TeachingStudent id="8">
				<id>5</id>
				<name>st6</name>
			</TeachingStudent>
			<TeachingStudent id="9">
				<id>6</id>
				<name>st7</name>
			</TeachingStudent>
		</studentList>
		<dayList id="10">
			<TeachingDay id="11">
				<id>0</id>
				<dateIndex>0</dateIndex>
			</TeachingDay>
			<TeachingDay id="12">
				<id>1</id>
				<dateIndex>1</dateIndex>
			</TeachingDay>
			<TeachingDay id="13">
				<id>2</id>
				<dateIndex>2</dateIndex>
			</TeachingDay>
			<TeachingDay id="14">
				<id>3</id>
				<dateIndex>3</dateIndex>
			</TeachingDay>
			<TeachingDay id="15">
				<id>4</id>
				<dateIndex>4</dateIndex>
			</TeachingDay>
			<TeachingDay id="16">
				<id>5</id>
				<dateIndex>5</dateIndex>
			</TeachingDay>
			<TeachingDay id="17">
				<id>6</id>
				<dateIndex>6</dateIndex>
			</TeachingDay>
			<TeachingDay id="18">
				<id>7</id>
				<dateIndex>7</dateIndex>
			</TeachingDay>
			<TeachingDay id="19">
				<id>8</id>
				<dateIndex>8</dateIndex>
			</TeachingDay>
			<TeachingDay id="20">
				<id>9</id>
				<dateIndex>9</dateIndex>
			</TeachingDay>
			<TeachingDay id="21">
				<id>10</id>
				<dateIndex>10</dateIndex>
			</TeachingDay>
			<TeachingDay id="22">
				<id>11</id>
				<dateIndex>11</dateIndex>
			</TeachingDay>
			<TeachingDay id="23">
				<id>12</id>
				<dateIndex>12</dateIndex>
			</TeachingDay>
			<TeachingDay id="24">
				<id>13</id>
				<dateIndex>13</dateIndex>
			</TeachingDay>
			<TeachingDay id="25">
				<id>14</id>
				<dateIndex>14</dateIndex>
			</TeachingDay>
			<TeachingDay id="26">
				<id>15</id>
				<dateIndex>15</dateIndex>
			</TeachingDay>
			<TeachingDay id="27">
				<id>16</id>
				<dateIndex>16</dateIndex>
			</TeachingDay>
			<TeachingDay id="28">
				<id>17</id>
				<dateIndex>17</dateIndex>
			</TeachingDay>
		</dayList>
		<unavailabilityPenaltyList id="29">
			<TeachingUnavailabilityPenalty id="30">
				<id>0</id>
				<student reference="7"/>
				<day reference="11"/>
			</TeachingUnavailabilityPenalty>
			<TeachingUnavailabilityPenalty id="31">
				<id>1</id>
				<student reference="7"/>
				<day reference="12"/>
			</TeachingUnavailabilityPenalty>
			<TeachingUnavailabilityPenalty id="32">
				<id>2</id>
				<student reference="7"/>
				<day reference="13"/>
			</TeachingUnavailabilityPenalty>
		</unavailabilityPenaltyList>
		<studentAssignmentList id="42">
			<TeachingStudentAssignment id="43">
				<id>0</id>
				<day reference="11"/>
				<indexInDay>0</indexInDay>
				<pinned>false</pinned>
			</TeachingStudentAssignment>
			<TeachingStudentAssignment id="44">
				<id>1</id>
				<day reference="11"/>
				<indexInDay>1</indexInDay>
				<pinned>false</pinned>
			</TeachingStudentAssignment>
			<TeachingStudentAssignment id="45">
				<id>2</id>
				<day reference="11"/>
				<indexInDay>2</indexInDay>
				<pinned>false</pinned>
			</TeachingStudentAssignment>
			<TeachingStudentAssignment id="46">
				<id>3</id>
				<day reference="11"/>
				<indexInDay>3</indexInDay>
				<pinned>false</pinned>
			</TeachingStudentAssignment>
			<TeachingStudentAssignment id="47">
				<id>4</id>
				<day reference="12"/>
				<indexInDay>0</indexInDay>
				<pinned>false</pinned>
			</TeachingStudentAssignment>
			<TeachingStudentAssignment id="48">
				<id>5</id>
				<day reference="12"/>
				<indexInDay>1</indexInDay>
				<pinned>false</pinned>
			</TeachingStudentAssignment>
			<TeachingStudentAssignment id="49">
				<id>6</id>
				<day reference="12"/>
				<indexInDay>2</indexInDay>
				<pinned>false</pinned>
			</TeachingStudentAssignment>
			<TeachingStudentAssignment id="50">
				<id>7</id>
				<day reference="12"/>
				<indexInDay>3</indexInDay>
				<pinned>false</pinned>
			</TeachingStudentAssignment>
			<TeachingStudentAssignment id="51">
				<id>8</id>
				<day reference="13"/>
				<indexInDay>0</indexInDay>
				<pinned>false</pinned>
			</TeachingStudentAssignment>
			<TeachingStudentAssignment id="52">
				<id>9</id>
				<day reference="13"/>
				<indexInDay>1</indexInDay>
				<pinned>false</pinned>
			</TeachingStudentAssignment>
			<TeachingStudentAssignment id="53">
				<id>10</id>
				<day reference="13"/>
				<indexInDay>2</indexInDay>
				<pinned>false</pinned>
			</TeachingStudentAssignment>
			<TeachingStudentAssignment id="54">
				<id>11</id>
				<day reference="13"/>
				<indexInDay>3</indexInDay>
				<pinned>false</pinned>
			</TeachingStudentAssignment>
			<TeachingStudentAssignment id="55">
				<id>12</id>
				<day reference="14"/>
				<indexInDay>0</indexInDay>
				<pinned>false</pinned>
			</TeachingStudentAssignment>
			<TeachingStudentAssignment id="56">
				<id>13</id>
				<day reference="14"/>
				<indexInDay>1</indexInDay>
				<pinned>false</pinned>
			</TeachingStudentAssignment>
			<TeachingStudentAssignment id="57">
				<id>14</id>
				<day reference="14"/>
				<indexInDay>2</indexInDay>
				<pinned>false</pinned>
			</TeachingStudentAssignment>
			<TeachingStudentAssignment id="58">
				<id>15</id>
				<day reference="14"/>
				<indexInDay>3</indexInDay>
				<pinned>false</pinned>
			</TeachingStudentAssignment>
			<TeachingStudentAssignment id="59">
				<id>16</id>
				<day reference="15"/>
				<indexInDay>0</indexInDay>
				<pinned>false</pinned>
			</TeachingStudentAssignment>
			<TeachingStudentAssignment id="60">
				<id>17</id>
				<day reference="15"/>
				<indexInDay>1</indexInDay>
				<pinned>false</pinned>
			</TeachingStudentAssignment>
			<TeachingStudentAssignment id="61">
				<id>18</id>
				<day reference="15"/>
				<indexInDay>2</indexInDay>
				<pinned>false</pinned>
			</TeachingStudentAssignment>
			<TeachingStudentAssignment id="62">
				<id>19</id>
				<day reference="15"/>
				<indexInDay>3</indexInDay>
				<pinned>false</pinned>
			</TeachingStudentAssignment>
			<TeachingStudentAssignment id="63">
				<id>20</id>
				<day reference="16"/>
				<indexInDay>0</indexInDay>
				<pinned>false</pinned>
			</TeachingStudentAssignment>
			<TeachingStudentAssignment id="64">
				<id>21</id>
				<day reference="16"/>
				<indexInDay>1</indexInDay>
				<pinned>false</pinned>
			</TeachingStudentAssignment>
			<TeachingStudentAssignment id="65">
				<id>22</id>
				<day reference="16"/>
				<indexInDay>2</indexInDay>
				<pinned>false</pinned>
			</TeachingStudentAssignment>
			<TeachingStudentAssignment id="66">
				<id>23</id>
				<day reference="16"/>
				<indexInDay>3</indexInDay>
				<pinned>false</pinned>
			</TeachingStudentAssignment>
			<TeachingStudentAssignment id="67">
				<id>24</id>
				<day reference="17"/>
				<indexInDay>0</indexInDay>
				<pinned>false</pinned>
			</TeachingStudentAssignment>
			<TeachingStudentAssignment id="68">
				<id>25</id>
				<day reference="17"/>
				<indexInDay>1</indexInDay>
				<pinned>false</pinned>
			</TeachingStudentAssignment>
			<TeachingStudentAssignment id="69">
				<id>26</id>
				<day reference="17"/>
				<indexInDay>2</indexInDay>
				<pinned>false</pinned>
			</TeachingStudentAssignment>
			<TeachingStudentAssignment id="70">
				<id>27</id>
				<day reference="17"/>
				<indexInDay>3</indexInDay>
				<pinned>false</pinned>
			</TeachingStudentAssignment>
			<TeachingStudentAssignment id="71">
				<id>28</id>
				<day reference="18"/>
				<indexInDay>0</indexInDay>
				<pinned>false</pinned>
			</TeachingStudentAssignment>
			<TeachingStudentAssignment id="72">
				<id>29</id>
				<day reference="18"/>
				<indexInDay>1</indexInDay>
				<pinned>false</pinned>
			</TeachingStudentAssignment>
			<TeachingStudentAssignment id="73">
				<id>30</id>
				<day reference="18"/>
				<indexInDay>2</indexInDay>
				<pinned>false</pinned>
			</TeachingStudentAssignment>
			<TeachingStudentAssignment id="74">
				<id>31</id>
				<day reference="18"/>
				<indexInDay>3</indexInDay>
				<pinned>false</pinned>
			</TeachingStudentAssignment>
			<TeachingStudentAssignment id="75">
				<id>32</id>
				<day reference="19"/>
				<indexInDay>0</indexInDay>
				<pinned>false</pinned>
			</TeachingStudentAssignment>
			<TeachingStudentAssignment id="76">
				<id>33</id>
				<day reference="19"/>
				<indexInDay>1</indexInDay>
				<pinned>false</pinned>
			</TeachingStudentAssignment>
			<TeachingStudentAssignment id="77">
				<id>34</id>
				<day reference="19"/>
				<indexInDay>2</indexInDay>
				<pinned>false</pinned>
			</TeachingStudentAssignment>
			<TeachingStudentAssignment id="78">
				<id>35</id>
				<day reference="19"/>
				<indexInDay>3</indexInDay>
				<pinned>false</pinned>
			</TeachingStudentAssignment>
			<TeachingStudentAssignment id="79">
				<id>36</id>
				<day reference="20"/>
				<indexInDay>0</indexInDay>
				<pinned>false</pinned>
			</TeachingStudentAssignment>
			<TeachingStudentAssignment id="80">
				<id>37</id>
				<day reference="20"/>
				<indexInDay>1</indexInDay>
				<pinned>false</pinned>
			</TeachingStudentAssignment>
			<TeachingStudentAssignment id="81">
				<id>38</id>
				<day reference="20"/>
				<indexInDay>2</indexInDay>
				<pinned>false</pinned>
			</TeachingStudentAssignment>
			<TeachingStudentAssignment id="82">
				<id>39</id>
				<day reference="20"/>
				<indexInDay>3</indexInDay>
				<pinned>false</pinned>
			</TeachingStudentAssignment>
			<TeachingStudentAssignment id="83">
				<id>40</id>
				<day reference="21"/>
				<indexInDay>0</indexInDay>
				<pinned>false</pinned>
			</TeachingStudentAssignment>
			<TeachingStudentAssignment id="84">
				<id>41</id>
				<day reference="21"/>
				<indexInDay>1</indexInDay>
				<pinned>false</pinned>
			</TeachingStudentAssignment>
			<TeachingStudentAssignment id="85">
				<id>42</id>
				<day reference="21"/>
				<indexInDay>2</indexInDay>
				<pinned>false</pinned>
			</TeachingStudentAssignment>
			<TeachingStudentAssignment id="86">
				<id>43</id>
				<day reference="21"/>
				<indexInDay>3</indexInDay>
				<pinned>false</pinned>
			</TeachingStudentAssignment>
			<TeachingStudentAssignment id="87">
				<id>44</id>
				<day reference="22"/>
				<indexInDay>0</indexInDay>
				<pinned>false</pinned>
			</TeachingStudentAssignment>
			<TeachingStudentAssignment id="88">
				<id>45</id>
				<day reference="22"/>
				<indexInDay>1</indexInDay>
				<pinned>false</pinned>
			</TeachingStudentAssignment>
			<TeachingStudentAssignment id="89">
				<id>46</id>
				<day reference="22"/>
				<indexInDay>2</indexInDay>
				<pinned>false</pinned>
			</TeachingStudentAssignment>
			<TeachingStudentAssignment id="90">
				<id>47</id>
				<day reference="22"/>
				<indexInDay>3</indexInDay>
				<pinned>false</pinned>
			</TeachingStudentAssignment>
			<TeachingStudentAssignment id="91">
				<id>48</id>
				<day reference="23"/>
				<indexInDay>0</indexInDay>
				<pinned>false</pinned>
			</TeachingStudentAssignment>
			<TeachingStudentAssignment id="92">
				<id>49</id>
				<day reference="23"/>
				<indexInDay>1</indexInDay>
				<pinned>false</pinned>
			</TeachingStudentAssignment>
			<TeachingStudentAssignment id="93">
				<id>50</id>
				<day reference="23"/>
				<indexInDay>2</indexInDay>
				<pinned>false</pinned>
			</TeachingStudentAssignment>
			<TeachingStudentAssignment id="94">
				<id>51</id>
				<day reference="23"/>
				<indexInDay>3</indexInDay>
				<pinned>false</pinned>
			</TeachingStudentAssignment>
			<TeachingStudentAssignment id="95">
				<id>52</id>
				<day reference="24"/>
				<indexInDay>0</indexInDay>
				<pinned>false</pinned>
			</TeachingStudentAssignment>
			<TeachingStudentAssignment id="96">
				<id>53</id>
				<day reference="24"/>
				<indexInDay>1</indexInDay>
				<pinned>false</pinned>
			</TeachingStudentAssignment>
			<TeachingStudentAssignment id="97">
				<id>54</id>
				<day reference="24"/>
				<indexInDay>2</indexInDay>
				<pinned>false</pinned>
			</TeachingStudentAssignment>
			<TeachingStudentAssignment id="98">
				<id>55</id>
				<day reference="24"/>
				<indexInDay>3</indexInDay>
				<pinned>false</pinned>
			</TeachingStudentAssignment>
			<TeachingStudentAssignment id="99">
				<id>56</id>
				<day reference="25"/>
				<indexInDay>0</indexInDay>
				<pinned>false</pinned>
			</TeachingStudentAssignment>
			<TeachingStudentAssignment id="100">
				<id>57</id>
				<day reference="25"/>
				<indexInDay>1</indexInDay>
				<pinned>false</pinned>
			</TeachingStudentAssignment>
			<TeachingStudentAssignment id="101">
				<id>58</id>
				<day reference="25"/>
				<indexInDay>2</indexInDay>
				<pinned>false</pinned>
			</TeachingStudentAssignment>
			<TeachingStudentAssignment id="102">
				<id>59</id>
				<day reference="25"/>
				<indexInDay>3</indexInDay>
				<pinned>false</pinned>
			</TeachingStudentAssignment>
			<TeachingStudentAssignment id="103">
				<id>60</id>
				<day reference="26"/>
				<indexInDay>0</indexInDay>
				<pinned>false</pinned>
			</TeachingStudentAssignment>
			<TeachingStudentAssignment id="104">
				<id>61</id>
				<day reference="26"/>
				<indexInDay>1</indexInDay>
				<pinned>false</pinned>
			</TeachingStudentAssignment>
			<TeachingStudentAssignment id="105">
				<id>62</id>
				<day reference="26"/>
				<indexInDay>2</indexInDay>
				<pinned>false</pinned>
			</TeachingStudentAssignment>
			<TeachingStudentAssignment id="106">
				<id>63</id>
				<day reference="26"/>
				<indexInDay>3</indexInDay>
				<pinned>false</pinned>
			</TeachingStudentAssignment>
			<TeachingStudentAssignment id="107">
				<id>64</id>
				<day reference="27"/>
				<indexInDay>0</indexInDay>
				<pinned>false</pinned>
			</TeachingStudentAssignment>
			<TeachingStudentAssignment id="108">
				<id>65</id>
				<day reference="27"/>
				<indexInDay>1</indexInDay>
				<pinned>false</pinned>
			</TeachingStudentAssignment>
			<TeachingStudentAssignment id="109">
				<id>66</id>
				<day reference="27"/>
				<indexInDay>2</indexInDay>
				<pinned>false</pinned>
			</TeachingStudentAssignment>
			<TeachingStudentAssignment id="110">
				<id>67</id>
				<day reference="27"/>
				<indexInDay>3</indexInDay>
				<pinned>false</pinned>
			</TeachingStudentAssignment>
			<TeachingStudentAssignment id="111">
				<id>68</id>
				<day reference="28"/>
				<indexInDay>0</indexInDay>
				<pinned>false</pinned>
			</TeachingStudentAssignment>
			<TeachingStudentAssignment id="112">
				<id>69</id>
				<day reference="28"/>
				<indexInDay>1</indexInDay>
				<pinned>false</pinned>
			</TeachingStudentAssignment>
			<TeachingStudentAssignment id="113">
				<id>70</id>
				<day reference="28"/>
				<indexInDay>2</indexInDay>
				<pinned>false</pinned>
			</TeachingStudentAssignment>
			<TeachingStudentAssignment id="114">
				<id>71</id>
				<day reference="28"/>
				<indexInDay>3</indexInDay>
				<pinned>false</pinned>
			</TeachingStudentAssignment>
		</studentAssignmentList>
	</TeachingSolution>
