<?xml version="1.0" ?><TeachingSolution id="1"><id>0</id><studentList id="2"><TeachingStudent id="3"><id>0</id><name>jiachenx</name><courseSize>40</courseSize></TeachingStudent></studentList><dayList id="501"><TeachingDay id="502"><id>0</id><dateIndex>0</dateIndex></TeachingDay><TeachingDay id="503"><id>1</id><dateIndex>1</dateIndex></TeachingDay><TeachingDay id="504"><id>2</id><dateIndex>2</dateIndex></TeachingDay><TeachingDay id="505"><id>3</id><dateIndex>3</dateIndex></TeachingDay><TeachingDay id="506"><id>4</id><dateIndex>4</dateIndex></TeachingDay><TeachingDay id="507"><id>5</id><dateIndex>5</dateIndex></TeachingDay><TeachingDay id="508"><id>6</id><dateIndex>6</dateIndex></TeachingDay><TeachingDay id="509"><id>7</id><dateIndex>7</dateIndex></TeachingDay><TeachingDay id="510"><id>8</id><dateIndex>8</dateIndex></TeachingDay><TeachingDay id="511"><id>9</id><dateIndex>9</dateIndex></TeachingDay><TeachingDay id="512"><id>10</id><dateIndex>10</dateIndex></TeachingDay><TeachingDay id="513"><id>11</id><dateIndex>11</dateIndex></TeachingDay><TeachingDay id="514"><id>12</id><dateIndex>12</dateIndex></TeachingDay><TeachingDay id="515"><id>13</id><dateIndex>13</dateIndex></TeachingDay><TeachingDay id="516"><id>14</id><dateIndex>14</dateIndex></TeachingDay><TeachingDay id="517"><id>15</id><dateIndex>15</dateIndex></TeachingDay><TeachingDay id="518"><id>16</id><dateIndex>16</dateIndex></TeachingDay><TeachingDay id="519"><id>17</id><dateIndex>17</dateIndex></TeachingDay><TeachingDay id="520"><id>18</id><dateIndex>18</dateIndex></TeachingDay><TeachingDay id="521"><id>19</id><dateIndex>19</dateIndex></TeachingDay><TeachingDay id="522"><id>20</id><dateIndex>20</dateIndex></TeachingDay><TeachingDay id="523"><id>21</id><dateIndex>21</dateIndex></TeachingDay><TeachingDay id="524"><id>22</id><dateIndex>22</dateIndex></TeachingDay><TeachingDay id="525"><id>23</id><dateIndex>23</dateIndex></TeachingDay><TeachingDay id="526"><id>24</id><dateIndex>24</dateIndex></TeachingDay><TeachingDay id="527"><id>25</id><dateIndex>25</dateIndex></TeachingDay><TeachingDay id="528"><id>26</id><dateIndex>26</dateIndex></TeachingDay><TeachingDay id="529"><id>27</id><dateIndex>27</dateIndex></TeachingDay><TeachingDay id="530"><id>28</id><dateIndex>28</dateIndex></TeachingDay><TeachingDay id="531"><id>29</id><dateIndex>29</dateIndex></TeachingDay><TeachingDay id="532"><id>30</id><dateIndex>30</dateIndex></TeachingDay><TeachingDay id="533"><id>31</id><dateIndex>31</dateIndex></TeachingDay><TeachingDay id="534"><id>32</id><dateIndex>32</dateIndex></TeachingDay><TeachingDay id="535"><id>33</id><dateIndex>33</dateIndex></TeachingDay><TeachingDay id="536"><id>34</id><dateIndex>34</dateIndex></TeachingDay><TeachingDay id="537"><id>35</id><dateIndex>35</dateIndex></TeachingDay><TeachingDay id="538"><id>36</id><dateIndex>36</dateIndex></TeachingDay><TeachingDay id="539"><id>37</id><dateIndex>37</dateIndex></TeachingDay><TeachingDay id="540"><id>38</id><dateIndex>38</dateIndex></TeachingDay><TeachingDay id="541"><id>39</id><dateIndex>39</dateIndex></TeachingDay><TeachingDay id="542"><id>40</id><dateIndex>40</dateIndex></TeachingDay><TeachingDay id="543"><id>41</id><dateIndex>41</dateIndex></TeachingDay><TeachingDay id="544"><id>42</id><dateIndex>42</dateIndex></TeachingDay><TeachingDay id="545"><id>43</id><dateIndex>43</dateIndex></TeachingDay><TeachingDay id="546"><id>44</id><dateIndex>44</dateIndex></TeachingDay><TeachingDay id="547"><id>45</id><dateIndex>45</dateIndex></TeachingDay><TeachingDay id="548"><id>46</id><dateIndex>46</dateIndex></TeachingDay><TeachingDay id="549"><id>47</id><dateIndex>47</dateIndex></TeachingDay><TeachingDay id="550"><id>48</id><dateIndex>48</dateIndex></TeachingDay><TeachingDay id="551"><id>49</id><dateIndex>49</dateIndex></TeachingDay><TeachingDay id="552"><id>50</id><dateIndex>50</dateIndex></TeachingDay><TeachingDay id="553"><id>51</id><dateIndex>51</dateIndex></TeachingDay><TeachingDay id="554"><id>52</id><dateIndex>52</dateIndex></TeachingDay><TeachingDay id="555"><id>53</id><dateIndex>53</dateIndex></TeachingDay><TeachingDay id="556"><id>54</id><dateIndex>54</dateIndex></TeachingDay><TeachingDay id="557"><id>55</id><dateIndex>55</dateIndex></TeachingDay><TeachingDay id="558"><id>56</id><dateIndex>56</dateIndex></TeachingDay><TeachingDay id="559"><id>57</id><dateIndex>57</dateIndex></TeachingDay><TeachingDay id="560"><id>58</id><dateIndex>58</dateIndex></TeachingDay><TeachingDay id="561"><id>59</id><dateIndex>59</dateIndex></TeachingDay><TeachingDay id="562"><id>60</id><dateIndex>60</dateIndex></TeachingDay><TeachingDay id="563"><id>61</id><dateIndex>61</dateIndex></TeachingDay><TeachingDay id="564"><id>62</id><dateIndex>62</dateIndex></TeachingDay></dayList><unavailabilityPenaltyList id="2001"/><studentAssignmentList id="4001"><TeachingStudentAssignment id="4002"><id>0</id><day reference="502"/><indexInDay>0</indexInDay><pinned>false</pinned></TeachingStudentAssignment><TeachingStudentAssignment id="4003"><id>1</id><day reference="502"/><indexInDay>1</indexInDay><pinned>false</pinned></TeachingStudentAssignment><TeachingStudentAssignment id="4004"><id>2</id><day reference="502"/><indexInDay>2</indexInDay><pinned>false</pinned></TeachingStudentAssignment><TeachingStudentAssignment id="4005"><id>3</id><day reference="502"/><indexInDay>3</indexInDay><pinned>false</pinned></TeachingStudentAssignment><TeachingStudentAssignment id="4003"><id>4</id><day reference="503"/><indexInDay>0</indexInDay><pinned>false</pinned></TeachingStudentAssignment><TeachingStudentAssignment id="4004"><id>5</id><day reference="503"/><indexInDay>1</indexInDay><pinned>false</pinned></TeachingStudentAssignment><TeachingStudentAssignment id="4005"><id>6</id><day reference="503"/><indexInDay>2</indexInDay><pinned>false</pinned></TeachingStudentAssignment><TeachingStudentAssignment id="4006"><id>7</id><day reference="503"/><indexInDay>3</indexInDay><pinned>false</pinned></TeachingStudentAssignment><TeachingStudentAssignment id="4004"><id>8</id><day reference="504"/><indexInDay>0</indexInDay><pinned>false</pinned></TeachingStudentAssignment><TeachingStudentAssignment id="4005"><id>9</id><day reference="504"/><indexInDay>1</indexInDay><pinned>false</pinned></TeachingStudentAssignment><TeachingStudentAssignment id="4006"><id>10</id><day reference="504"/><indexInDay>2</indexInDay><pinned>false</pinned></TeachingStudentAssignment><TeachingStudentAssignment id="4007"><id>11</id><day reference="504"/><indexInDay>3</indexInDay><pinned>false</pinned></TeachingStudentAssignment><TeachingStudentAssignment id="4005"><id>12</id><day reference="505"/><indexInDay>0</indexInDay><pinned>false</pinned></TeachingStudentAssignment><TeachingStudentAssignment id="4006"><id>13</id><day reference="505"/><indexInDay>1</indexInDay><pinned>false</pinned></TeachingStudentAssignment><TeachingStudentAssignment id="4007"><id>14</id><day reference="505"/><indexInDay>2</indexInDay><pinned>false</pinned></TeachingStudentAssignment><TeachingStudentAssignment id="4008"><id>15</id><day reference="505"/><indexInDay>3</indexInDay><pinned>false</pinned></TeachingStudentAssignment><TeachingStudentAssignment id="4006"><id>16</id><day reference="506"/><indexInDay>0</indexInDay><pinned>false</pinned></TeachingStudentAssignment><TeachingStudentAssignment id="4007"><id>17</id><day reference="506"/><indexInDay>1</indexInDay><pinned>false</pinned></TeachingStudentAssignment><TeachingStudentAssignment id="4008"><id>18</id><day reference="506"/><indexInDay>2</indexInDay><pinned>false</pinned></TeachingStudentAssignment><TeachingStudentAssignment id="4009"><id>19</id><day reference="506"/><indexInDay>3</indexInDay><pinned>false</pinned></TeachingStudentAssignment><TeachingStudentAssignment id="4007"><id>20</id><day reference="507"/><indexInDay>0</indexInDay><pinned>false</pinned></TeachingStudentAssignment><TeachingStudentAssignment id="4008"><id>21</id><day reference="507"/><indexInDay>1</indexInDay><pinned>false</pinned></TeachingStudentAssignment><TeachingStudentAssignment id="4009"><id>22</id><day reference="507"/><indexInDay>2</indexInDay><pinned>false</pinned></TeachingStudentAssignment><TeachingStudentAssignment id="4010"><id>23</id><day reference="507"/><indexInDay>3</indexInDay><pinned>false</pinned></TeachingStudentAssignment><TeachingStudentAssignment id="4008"><id>24</id><day reference="508"/><indexInDay>0</indexInDay><pinned>false</pinned></TeachingStudentAssignment><TeachingStudentAssignment id="4009"><id>25</id><day reference="508"/><indexInDay>1</indexInDay><pinned>false</pinned></TeachingStudentAssignment><TeachingStudentAssignment id="4010"><id>26</id><day reference="508"/><indexInDay>2</indexInDay><pinned>false</pinned></TeachingStudentAssignment><TeachingStudentAssignment id="4011"><id>27</id><day reference="508"/><indexInDay>3</indexInDay><pinned>false</pinned></TeachingStudentAssignment><TeachingStudentAssignment id="4009"><id>28</id><day reference="509"/><indexInDay>0</indexInDay><pinned>false</pinned></TeachingStudentAssignment><TeachingStudentAssignment id="4010"><id>29</id><day reference="509"/><indexInDay>1</indexInDay><pinned>false</pinned></TeachingStudentAssignment><TeachingStudentAssignment id="4011"><id>30</id><day reference="509"/><indexInDay>2</indexInDay><pinned>false</pinned></TeachingStudentAssignment><TeachingStudentAssignment id="4012"><id>31</id><day reference="509"/><indexInDay>3</indexInDay><pinned>false</pinned></TeachingStudentAssignment><TeachingStudentAssignment id="4010"><id>32</id><day reference="510"/><indexInDay>0</indexInDay><pinned>false</pinned></TeachingStudentAssignment><TeachingStudentAssignment id="4011"><id>33</id><day reference="510"/><indexInDay>1</indexInDay><pinned>false</pinned></TeachingStudentAssignment><TeachingStudentAssignment id="4012"><id>34</id><day reference="510"/><indexInDay>2</indexInDay><pinned>false</pinned></TeachingStudentAssignment><TeachingStudentAssignment id="4013"><id>35</id><day reference="510"/><indexInDay>3</indexInDay><pinned>false</pinned></TeachingStudentAssignment><TeachingStudentAssignment id="4011"><id>36</id><day reference="511"/><indexInDay>0</indexInDay><pinned>false</pinned></TeachingStudentAssignment><TeachingStudentAssignment id="4012"><id>37</id><day reference="511"/><indexInDay>1</indexInDay><pinned>false</pinned></TeachingStudentAssignment><TeachingStudentAssignment id="4013"><id>38</id><day reference="511"/><indexInDay>2</indexInDay><pinned>false</pinned></TeachingStudentAssignment><TeachingStudentAssignment id="4014"><id>39</id><day reference="511"/><indexInDay>3</indexInDay><pinned>false</pinned></TeachingStudentAssignment><TeachingStudentAssignment id="4012"><id>40</id><day reference="512"/><indexInDay>0</indexInDay><pinned>false</pinned></TeachingStudentAssignment><TeachingStudentAssignment id="4013"><id>41</id><day reference="512"/><indexInDay>1</indexInDay><pinned>false</pinned></TeachingStudentAssignment><TeachingStudentAssignment id="4014"><id>42</id><day reference="512"/><indexInDay>2</indexInDay><pinned>false</pinned></TeachingStudentAssignment><TeachingStudentAssignment id="4015"><id>43</id><day reference="512"/><indexInDay>3</indexInDay><pinned>false</pinned></TeachingStudentAssignment><TeachingStudentAssignment id="4013"><id>44</id><day reference="513"/><indexInDay>0</indexInDay><pinned>false</pinned></TeachingStudentAssignment><TeachingStudentAssignment id="4014"><id>45</id><day reference="513"/><indexInDay>1</indexInDay><pinned>false</pinned></TeachingStudentAssignment><TeachingStudentAssignment id="4015"><id>46</id><day reference="513"/><indexInDay>2</indexInDay><pinned>false</pinned></TeachingStudentAssignment><TeachingStudentAssignment id="4016"><id>47</id><day reference="513"/><indexInDay>3</indexInDay><pinned>false</pinned></TeachingStudentAssignment><TeachingStudentAssignment id="4014"><id>48</id><day reference="514"/><indexInDay>0</indexInDay><pinned>false</pinned></TeachingStudentAssignment><TeachingStudentAssignment id="4015"><id>49</id><day reference="514"/><indexInDay>1</indexInDay><pinned>false</pinned></TeachingStudentAssignment><TeachingStudentAssignment id="4016"><id>50</id><day reference="514"/><indexInDay>2</indexInDay><pinned>false</pinned></TeachingStudentAssignment><TeachingStudentAssignment id="4017"><id>51</id><day reference="514"/><indexInDay>3</indexInDay><pinned>false</pinned></TeachingStudentAssignment><TeachingStudentAssignment id="4015"><id>52</id><day reference="515"/><indexInDay>0</indexInDay><pinned>false</pinned></TeachingStudentAssignment><TeachingStudentAssignment id="4016"><id>53</id><day reference="515"/><indexInDay>1</indexInDay><pinned>false</pinned></TeachingStudentAssignment><TeachingStudentAssignment id="4017"><id>54</id><day reference="515"/><indexInDay>2</indexInDay><pinned>false</pinned></TeachingStudentAssignment><TeachingStudentAssignment id="4018"><id>55</id><day reference="515"/><indexInDay>3</indexInDay><pinned>false</pinned></TeachingStudentAssignment><TeachingStudentAssignment id="4016"><id>56</id><day reference="516"/><indexInDay>0</indexInDay><pinned>false</pinned></TeachingStudentAssignment><TeachingStudentAssignment id="4017"><id>57</id><day reference="516"/><indexInDay>1</indexInDay><pinned>false</pinned></TeachingStudentAssignment><TeachingStudentAssignment id="4018"><id>58</id><day reference="516"/><indexInDay>2</indexInDay><pinned>false</pinned></TeachingStudentAssignment><TeachingStudentAssignment id="4019"><id>59</id><day reference="516"/><indexInDay>3</indexInDay><pinned>false</pinned></TeachingStudentAssignment><TeachingStudentAssignment id="4017"><id>60</id><day reference="517"/><indexInDay>0</indexInDay><pinned>false</pinned></TeachingStudentAssignment><TeachingStudentAssignment id="4018"><id>61</id><day reference="517"/><indexInDay>1</indexInDay><pinned>false</pinned></TeachingStudentAssignment><TeachingStudentAssignment id="4019"><id>62</id><day reference="517"/><indexInDay>2</indexInDay><pinned>false</pinned></TeachingStudentAssignment><TeachingStudentAssignment id="4020"><id>63</id><day reference="517"/><indexInDay>3</indexInDay><pinned>false</pinned></TeachingStudentAssignment><TeachingStudentAssignment id="4018"><id>64</id><day reference="518"/><indexInDay>0</indexInDay><pinned>false</pinned></TeachingStudentAssignment><TeachingStudentAssignment id="4019"><id>65</id><day reference="518"/><indexInDay>1</indexInDay><pinned>false</pinned></TeachingStudentAssignment><TeachingStudentAssignment id="4020"><id>66</id><day reference="518"/><indexInDay>2</indexInDay><pinned>false</pinned></TeachingStudentAssignment><TeachingStudentAssignment id="4021"><id>67</id><day reference="518"/><indexInDay>3</indexInDay><pinned>false</pinned></TeachingStudentAssignment><TeachingStudentAssignment id="4019"><id>68</id><day reference="519"/><indexInDay>0</indexInDay><pinned>false</pinned></TeachingStudentAssignment><TeachingStudentAssignment id="4020"><id>69</id><day reference="519"/><indexInDay>1</indexInDay><pinned>false</pinned></TeachingStudentAssignment><TeachingStudentAssignment id="4021"><id>70</id><day reference="519"/><indexInDay>2</indexInDay><pinned>false</pinned></TeachingStudentAssignment><TeachingStudentAssignment id="4022"><id>71</id><day reference="519"/><indexInDay>3</indexInDay><pinned>false</pinned></TeachingStudentAssignment><TeachingStudentAssignment id="4020"><id>72</id><day reference="520"/><indexInDay>0</indexInDay><pinned>false</pinned></TeachingStudentAssignment><TeachingStudentAssignment id="4021"><id>73</id><day reference="520"/><indexInDay>1</indexInDay><pinned>false</pinned></TeachingStudentAssignment><TeachingStudentAssignment id="4022"><id>74</id><day reference="520"/><indexInDay>2</indexInDay><pinned>false</pinned></TeachingStudentAssignment><TeachingStudentAssignment id="4023"><id>75</id><day reference="520"/><indexInDay>3</indexInDay><pinned>false</pinned></TeachingStudentAssignment><TeachingStudentAssignment id="4021"><id>76</id><day reference="521"/><indexInDay>0</indexInDay><pinned>false</pinned></TeachingStudentAssignment><TeachingStudentAssignment id="4022"><id>77</id><day reference="521"/><indexInDay>1</indexInDay><pinned>false</pinned></TeachingStudentAssignment><TeachingStudentAssignment id="4023"><id>78</id><day reference="521"/><indexInDay>2</indexInDay><pinned>false</pinned></TeachingStudentAssignment><TeachingStudentAssignment id="4024"><id>79</id><day reference="521"/><indexInDay>3</indexInDay><pinned>false</pinned></TeachingStudentAssignment><TeachingStudentAssignment id="4022"><id>80</id><day reference="522"/><indexInDay>0</indexInDay><pinned>false</pinned></TeachingStudentAssignment><TeachingStudentAssignment id="4023"><id>81</id><day reference="522"/><indexInDay>1</indexInDay><pinned>false</pinned></TeachingStudentAssignment><TeachingStudentAssignment id="4024"><id>82</id><day reference="522"/><indexInDay>2</indexInDay><pinned>false</pinned></TeachingStudentAssignment><TeachingStudentAssignment id="4025"><id>83</id><day reference="522"/><indexInDay>3</indexInDay><pinned>false</pinned></TeachingStudentAssignment><TeachingStudentAssignment id="4023"><id>84</id><day reference="523"/><indexInDay>0</indexInDay><pinned>false</pinned></TeachingStudentAssignment><TeachingStudentAssignment id="4024"><id>85</id><day reference="523"/><indexInDay>1</indexInDay><pinned>false</pinned></TeachingStudentAssignment><TeachingStudentAssignment id="4025"><id>86</id><day reference="523"/><indexInDay>2</indexInDay><pinned>false</pinned></TeachingStudentAssignment><TeachingStudentAssignment id="4026"><id>87</id><day reference="523"/><indexInDay>3</indexInDay><pinned>false</pinned></TeachingStudentAssignment><TeachingStudentAssignment id="4024"><id>88</id><day reference="524"/><indexInDay>0</indexInDay><pinned>false</pinned></TeachingStudentAssignment><TeachingStudentAssignment id="4025"><id>89</id><day reference="524"/><indexInDay>1</indexInDay><pinned>false</pinned></TeachingStudentAssignment><TeachingStudentAssignment id="4026"><id>90</id><day reference="524"/><indexInDay>2</indexInDay><pinned>false</pinned></TeachingStudentAssignment><TeachingStudentAssignment id="4027"><id>91</id><day reference="524"/><indexInDay>3</indexInDay><pinned>false</pinned></TeachingStudentAssignment><TeachingStudentAssignment id="4025"><id>92</id><day reference="525"/><indexInDay>0</indexInDay><pinned>false</pinned></TeachingStudentAssignment><TeachingStudentAssignment id="4026"><id>93</id><day reference="525"/><indexInDay>1</indexInDay><pinned>false</pinned></TeachingStudentAssignment><TeachingStudentAssignment id="4027"><id>94</id><day reference="525"/><indexInDay>2</indexInDay><pinned>false</pinned></TeachingStudentAssignment><TeachingStudentAssignment id="4028"><id>95</id><day reference="525"/><indexInDay>3</indexInDay><pinned>false</pinned></TeachingStudentAssignment><TeachingStudentAssignment id="4026"><id>96</id><day reference="526"/><indexInDay>0</indexInDay><pinned>false</pinned></TeachingStudentAssignment><TeachingStudentAssignment id="4027"><id>97</id><day reference="526"/><indexInDay>1</indexInDay><pinned>false</pinned></TeachingStudentAssignment><TeachingStudentAssignment id="4028"><id>98</id><day reference="526"/><indexInDay>2</indexInDay><pinned>false</pinned></TeachingStudentAssignment><TeachingStudentAssignment id="4029"><id>99</id><day reference="526"/><indexInDay>3</indexInDay><pinned>false</pinned></TeachingStudentAssignment><TeachingStudentAssignment id="4027"><id>100</id><day reference="527"/><indexInDay>0</indexInDay><pinned>false</pinned></TeachingStudentAssignment><TeachingStudentAssignment id="4028"><id>101</id><day reference="527"/><indexInDay>1</indexInDay><pinned>false</pinned></TeachingStudentAssignment><TeachingStudentAssignment id="4029"><id>102</id><day reference="527"/><indexInDay>2</indexInDay><pinned>false</pinned></TeachingStudentAssignment><TeachingStudentAssignment id="4030"><id>103</id><day reference="527"/><indexInDay>3</indexInDay><pinned>false</pinned></TeachingStudentAssignment><TeachingStudentAssignment id="4028"><id>104</id><day reference="528"/><indexInDay>0</indexInDay><pinned>false</pinned></TeachingStudentAssignment><TeachingStudentAssignment id="4029"><id>105</id><day reference="528"/><indexInDay>1</indexInDay><pinned>false</pinned></TeachingStudentAssignment><TeachingStudentAssignment id="4030"><id>106</id><day reference="528"/><indexInDay>2</indexInDay><pinned>false</pinned></TeachingStudentAssignment><TeachingStudentAssignment id="4031"><id>107</id><day reference="528"/><indexInDay>3</indexInDay><pinned>false</pinned></TeachingStudentAssignment><TeachingStudentAssignment id="4029"><id>108</id><day reference="529"/><indexInDay>0</indexInDay><pinned>false</pinned></TeachingStudentAssignment><TeachingStudentAssignment id="4030"><id>109</id><day reference="529"/><indexInDay>1</indexInDay><pinned>false</pinned></TeachingStudentAssignment><TeachingStudentAssignment id="4031"><id>110</id><day reference="529"/><indexInDay>2</indexInDay><pinned>false</pinned></TeachingStudentAssignment><TeachingStudentAssignment id="4032"><id>111</id><day reference="529"/><indexInDay>3</indexInDay><pinned>false</pinned></TeachingStudentAssignment><TeachingStudentAssignment id="4030"><id>112</id><day reference="530"/><indexInDay>0</indexInDay><pinned>false</pinned></TeachingStudentAssignment><TeachingStudentAssignment id="4031"><id>113</id><day reference="530"/><indexInDay>1</indexInDay><pinned>false</pinned></TeachingStudentAssignment><TeachingStudentAssignment id="4032"><id>114</id><day reference="530"/><indexInDay>2</indexInDay><pinned>false</pinned></TeachingStudentAssignment><TeachingStudentAssignment id="4033"><id>115</id><day reference="530"/><indexInDay>3</indexInDay><pinned>false</pinned></TeachingStudentAssignment><TeachingStudentAssignment id="4031"><id>116</id><day reference="531"/><indexInDay>0</indexInDay><pinned>false</pinned></TeachingStudentAssignment><TeachingStudentAssignment id="4032"><id>117</id><day reference="531"/><indexInDay>1</indexInDay><pinned>false</pinned></TeachingStudentAssignment><TeachingStudentAssignment id="4033"><id>118</id><day reference="531"/><indexInDay>2</indexInDay><pinned>false</pinned></TeachingStudentAssignment><TeachingStudentAssignment id="4034"><id>119</id><day reference="531"/><indexInDay>3</indexInDay><pinned>false</pinned></TeachingStudentAssignment><TeachingStudentAssignment id="4032"><id>120</id><day reference="532"/><indexInDay>0</indexInDay><pinned>false</pinned></TeachingStudentAssignment><TeachingStudentAssignment id="4033"><id>121</id><day reference="532"/><indexInDay>1</indexInDay><pinned>false</pinned></TeachingStudentAssignment><TeachingStudentAssignment id="4034"><id>122</id><day reference="532"/><indexInDay>2</indexInDay><pinned>false</pinned></TeachingStudentAssignment><TeachingStudentAssignment id="4035"><id>123</id><day reference="532"/><indexInDay>3</indexInDay><pinned>false</pinned></TeachingStudentAssignment><TeachingStudentAssignment id="4033"><id>124</id><day reference="533"/><indexInDay>0</indexInDay><pinned>false</pinned></TeachingStudentAssignment><TeachingStudentAssignment id="4034"><id>125</id><day reference="533"/><indexInDay>1</indexInDay><pinned>false</pinned></TeachingStudentAssignment><TeachingStudentAssignment id="4035"><id>126</id><day reference="533"/><indexInDay>2</indexInDay><pinned>false</pinned></TeachingStudentAssignment><TeachingStudentAssignment id="4036"><id>127</id><day reference="533"/><indexInDay>3</indexInDay><pinned>false</pinned></TeachingStudentAssignment><TeachingStudentAssignment id="4034"><id>128</id><day reference="534"/><indexInDay>0</indexInDay><pinned>false</pinned></TeachingStudentAssignment><TeachingStudentAssignment id="4035"><id>129</id><day reference="534"/><indexInDay>1</indexInDay><pinned>false</pinned></TeachingStudentAssignment><TeachingStudentAssignment id="4036"><id>130</id><day reference="534"/><indexInDay>2</indexInDay><pinned>false</pinned></TeachingStudentAssignment><TeachingStudentAssignment id="4037"><id>131</id><day reference="534"/><indexInDay>3</indexInDay><pinned>false</pinned></TeachingStudentAssignment><TeachingStudentAssignment id="4035"><id>132</id><day reference="535"/><indexInDay>0</indexInDay><pinned>false</pinned></TeachingStudentAssignment><TeachingStudentAssignment id="4036"><id>133</id><day reference="535"/><indexInDay>1</indexInDay><pinned>false</pinned></TeachingStudentAssignment><TeachingStudentAssignment id="4037"><id>134</id><day reference="535"/><indexInDay>2</indexInDay><pinned>false</pinned></TeachingStudentAssignment><TeachingStudentAssignment id="4038"><id>135</id><day reference="535"/><indexInDay>3</indexInDay><pinned>false</pinned></TeachingStudentAssignment><TeachingStudentAssignment id="4036"><id>136</id><day reference="536"/><indexInDay>0</indexInDay><pinned>false</pinned></TeachingStudentAssignment><TeachingStudentAssignment id="4037"><id>137</id><day reference="536"/><indexInDay>1</indexInDay><pinned>false</pinned></TeachingStudentAssignment><TeachingStudentAssignment id="4038"><id>138</id><day reference="536"/><indexInDay>2</indexInDay><pinned>false</pinned></TeachingStudentAssignment><TeachingStudentAssignment id="4039"><id>139</id><day reference="536"/><indexInDay>3</indexInDay><pinned>false</pinned></TeachingStudentAssignment><TeachingStudentAssignment id="4037"><id>140</id><day reference="537"/><indexInDay>0</indexInDay><pinned>false</pinned></TeachingStudentAssignment><TeachingStudentAssignment id="4038"><id>141</id><day reference="537"/><indexInDay>1</indexInDay><pinned>false</pinned></TeachingStudentAssignment><TeachingStudentAssignment id="4039"><id>142</id><day reference="537"/><indexInDay>2</indexInDay><pinned>false</pinned></TeachingStudentAssignment><TeachingStudentAssignment id="4040"><id>143</id><day reference="537"/><indexInDay>3</indexInDay><pinned>false</pinned></TeachingStudentAssignment><TeachingStudentAssignment id="4038"><id>144</id><day reference="538"/><indexInDay>0</indexInDay><pinned>false</pinned></TeachingStudentAssignment><TeachingStudentAssignment id="4039"><id>145</id><day reference="538"/><indexInDay>1</indexInDay><pinned>false</pinned></TeachingStudentAssignment><TeachingStudentAssignment id="4040"><id>146</id><day reference="538"/><indexInDay>2</indexInDay><pinned>false</pinned></TeachingStudentAssignment><TeachingStudentAssignment id="4041"><id>147</id><day reference="538"/><indexInDay>3</indexInDay><pinned>false</pinned></TeachingStudentAssignment><TeachingStudentAssignment id="4039"><id>148</id><day reference="539"/><indexInDay>0</indexInDay><pinned>false</pinned></TeachingStudentAssignment><TeachingStudentAssignment id="4040"><id>149</id><day reference="539"/><indexInDay>1</indexInDay><pinned>false</pinned></TeachingStudentAssignment><TeachingStudentAssignment id="4041"><id>150</id><day reference="539"/><indexInDay>2</indexInDay><pinned>false</pinned></TeachingStudentAssignment><TeachingStudentAssignment id="4042"><id>151</id><day reference="539"/><indexInDay>3</indexInDay><pinned>false</pinned></TeachingStudentAssignment><TeachingStudentAssignment id="4040"><id>152</id><day reference="540"/><indexInDay>0</indexInDay><pinned>false</pinned></TeachingStudentAssignment><TeachingStudentAssignment id="4041"><id>153</id><day reference="540"/><indexInDay>1</indexInDay><pinned>false</pinned></TeachingStudentAssignment><TeachingStudentAssignment id="4042"><id>154</id><day reference="540"/><indexInDay>2</indexInDay><pinned>false</pinned></TeachingStudentAssignment><TeachingStudentAssignment id="4043"><id>155</id><day reference="540"/><indexInDay>3</indexInDay><pinned>false</pinned></TeachingStudentAssignment><TeachingStudentAssignment id="4041"><id>156</id><day reference="541"/><indexInDay>0</indexInDay><pinned>false</pinned></TeachingStudentAssignment><TeachingStudentAssignment id="4042"><id>157</id><day reference="541"/><indexInDay>1</indexInDay><pinned>false</pinned></TeachingStudentAssignment><TeachingStudentAssignment id="4043"><id>158</id><day reference="541"/><indexInDay>2</indexInDay><pinned>false</pinned></TeachingStudentAssignment><TeachingStudentAssignment id="4044"><id>159</id><day reference="541"/><indexInDay>3</indexInDay><pinned>false</pinned></TeachingStudentAssignment><TeachingStudentAssignment id="4042"><id>160</id><day reference="542"/><indexInDay>0</indexInDay><pinned>false</pinned></TeachingStudentAssignment><TeachingStudentAssignment id="4043"><id>161</id><day reference="542"/><indexInDay>1</indexInDay><pinned>false</pinned></TeachingStudentAssignment><TeachingStudentAssignment id="4044"><id>162</id><day reference="542"/><indexInDay>2</indexInDay><pinned>false</pinned></TeachingStudentAssignment><TeachingStudentAssignment id="4045"><id>163</id><day reference="542"/><indexInDay>3</indexInDay><pinned>false</pinned></TeachingStudentAssignment><TeachingStudentAssignment id="4043"><id>164</id><day reference="543"/><indexInDay>0</indexInDay><pinned>false</pinned></TeachingStudentAssignment><TeachingStudentAssignment id="4044"><id>165</id><day reference="543"/><indexInDay>1</indexInDay><pinned>false</pinned></TeachingStudentAssignment><TeachingStudentAssignment id="4045"><id>166</id><day reference="543"/><indexInDay>2</indexInDay><pinned>false</pinned></TeachingStudentAssignment><TeachingStudentAssignment id="4046"><id>167</id><day reference="543"/><indexInDay>3</indexInDay><pinned>false</pinned></TeachingStudentAssignment><TeachingStudentAssignment id="4044"><id>168</id><day reference="544"/><indexInDay>0</indexInDay><pinned>false</pinned></TeachingStudentAssignment><TeachingStudentAssignment id="4045"><id>169</id><day reference="544"/><indexInDay>1</indexInDay><pinned>false</pinned></TeachingStudentAssignment><TeachingStudentAssignment id="4046"><id>170</id><day reference="544"/><indexInDay>2</indexInDay><pinned>false</pinned></TeachingStudentAssignment><TeachingStudentAssignment id="4047"><id>171</id><day reference="544"/><indexInDay>3</indexInDay><pinned>false</pinned></TeachingStudentAssignment><TeachingStudentAssignment id="4045"><id>172</id><day reference="545"/><indexInDay>0</indexInDay><pinned>false</pinned></TeachingStudentAssignment><TeachingStudentAssignment id="4046"><id>173</id><day reference="545"/><indexInDay>1</indexInDay><pinned>false</pinned></TeachingStudentAssignment><TeachingStudentAssignment id="4047"><id>174</id><day reference="545"/><indexInDay>2</indexInDay><pinned>false</pinned></TeachingStudentAssignment><TeachingStudentAssignment id="4048"><id>175</id><day reference="545"/><indexInDay>3</indexInDay><pinned>false</pinned></TeachingStudentAssignment><TeachingStudentAssignment id="4046"><id>176</id><day reference="546"/><indexInDay>0</indexInDay><pinned>false</pinned></TeachingStudentAssignment><TeachingStudentAssignment id="4047"><id>177</id><day reference="546"/><indexInDay>1</indexInDay><pinned>false</pinned></TeachingStudentAssignment><TeachingStudentAssignment id="4048"><id>178</id><day reference="546"/><indexInDay>2</indexInDay><pinned>false</pinned></TeachingStudentAssignment><TeachingStudentAssignment id="4049"><id>179</id><day reference="546"/><indexInDay>3</indexInDay><pinned>false</pinned></TeachingStudentAssignment><TeachingStudentAssignment id="4047"><id>180</id><day reference="547"/><indexInDay>0</indexInDay><pinned>false</pinned></TeachingStudentAssignment><TeachingStudentAssignment id="4048"><id>181</id><day reference="547"/><indexInDay>1</indexInDay><pinned>false</pinned></TeachingStudentAssignment><TeachingStudentAssignment id="4049"><id>182</id><day reference="547"/><indexInDay>2</indexInDay><pinned>false</pinned></TeachingStudentAssignment><TeachingStudentAssignment id="4050"><id>183</id><day reference="547"/><indexInDay>3</indexInDay><pinned>false</pinned></TeachingStudentAssignment><TeachingStudentAssignment id="4048"><id>184</id><day reference="548"/><indexInDay>0</indexInDay><pinned>false</pinned></TeachingStudentAssignment><TeachingStudentAssignment id="4049"><id>185</id><day reference="548"/><indexInDay>1</indexInDay><pinned>false</pinned></TeachingStudentAssignment><TeachingStudentAssignment id="4050"><id>186</id><day reference="548"/><indexInDay>2</indexInDay><pinned>false</pinned></TeachingStudentAssignment><TeachingStudentAssignment id="4051"><id>187</id><day reference="548"/><indexInDay>3</indexInDay><pinned>false</pinned></TeachingStudentAssignment><TeachingStudentAssignment id="4049"><id>188</id><day reference="549"/><indexInDay>0</indexInDay><pinned>false</pinned></TeachingStudentAssignment><TeachingStudentAssignment id="4050"><id>189</id><day reference="549"/><indexInDay>1</indexInDay><pinned>false</pinned></TeachingStudentAssignment><TeachingStudentAssignment id="4051"><id>190</id><day reference="549"/><indexInDay>2</indexInDay><pinned>false</pinned></TeachingStudentAssignment><TeachingStudentAssignment id="4052"><id>191</id><day reference="549"/><indexInDay>3</indexInDay><pinned>false</pinned></TeachingStudentAssignment><TeachingStudentAssignment id="4050"><id>192</id><day reference="550"/><indexInDay>0</indexInDay><pinned>false</pinned></TeachingStudentAssignment><TeachingStudentAssignment id="4051"><id>193</id><day reference="550"/><indexInDay>1</indexInDay><pinned>false</pinned></TeachingStudentAssignment><TeachingStudentAssignment id="4052"><id>194</id><day reference="550"/><indexInDay>2</indexInDay><pinned>false</pinned></TeachingStudentAssignment><TeachingStudentAssignment id="4053"><id>195</id><day reference="550"/><indexInDay>3</indexInDay><pinned>false</pinned></TeachingStudentAssignment><TeachingStudentAssignment id="4051"><id>196</id><day reference="551"/><indexInDay>0</indexInDay><pinned>false</pinned></TeachingStudentAssignment><TeachingStudentAssignment id="4052"><id>197</id><day reference="551"/><indexInDay>1</indexInDay><pinned>false</pinned></TeachingStudentAssignment><TeachingStudentAssignment id="4053"><id>198</id><day reference="551"/><indexInDay>2</indexInDay><pinned>false</pinned></TeachingStudentAssignment><TeachingStudentAssignment id="4054"><id>199</id><day reference="551"/><indexInDay>3</indexInDay><pinned>false</pinned></TeachingStudentAssignment><TeachingStudentAssignment id="4052"><id>200</id><day reference="552"/><indexInDay>0</indexInDay><pinned>false</pinned></TeachingStudentAssignment><TeachingStudentAssignment id="4053"><id>201</id><day reference="552"/><indexInDay>1</indexInDay><pinned>false</pinned></TeachingStudentAssignment><TeachingStudentAssignment id="4054"><id>202</id><day reference="552"/><indexInDay>2</indexInDay><pinned>false</pinned></TeachingStudentAssignment><TeachingStudentAssignment id="4055"><id>203</id><day reference="552"/><indexInDay>3</indexInDay><pinned>false</pinned></TeachingStudentAssignment><TeachingStudentAssignment id="4053"><id>204</id><day reference="553"/><indexInDay>0</indexInDay><pinned>false</pinned></TeachingStudentAssignment><TeachingStudentAssignment id="4054"><id>205</id><day reference="553"/><indexInDay>1</indexInDay><pinned>false</pinned></TeachingStudentAssignment><TeachingStudentAssignment id="4055"><id>206</id><day reference="553"/><indexInDay>2</indexInDay><pinned>false</pinned></TeachingStudentAssignment><TeachingStudentAssignment id="4056"><id>207</id><day reference="553"/><indexInDay>3</indexInDay><pinned>false</pinned></TeachingStudentAssignment><TeachingStudentAssignment id="4054"><id>208</id><day reference="554"/><indexInDay>0</indexInDay><pinned>false</pinned></TeachingStudentAssignment><TeachingStudentAssignment id="4055"><id>209</id><day reference="554"/><indexInDay>1</indexInDay><pinned>false</pinned></TeachingStudentAssignment><TeachingStudentAssignment id="4056"><id>210</id><day reference="554"/><indexInDay>2</indexInDay><pinned>false</pinned></TeachingStudentAssignment><TeachingStudentAssignment id="4057"><id>211</id><day reference="554"/><indexInDay>3</indexInDay><pinned>false</pinned></TeachingStudentAssignment></studentAssignmentList></TeachingSolution>